id,task,task_type,status,depends_on,task_dir,validation_command,notes
1,Expand usage schema and storage/API propagation,single-full,DONE,,tasks/usage-schema,"perl -e 'alarm shift; exec @ARGV' 60 cargo test -p backend llm_proxy::proxy::usage -- --nocapture",TokenUsage expanded through storage/API/frontend and local DB columns added.
2,Fix stream conversion lifecycle and usage-only events,single-full,DONE,1,tasks/stream-conversion,"perl -e 'alarm shift; exec @ARGV' 60 cargo test -p proxy format_conversion -- --nocapture",OpenAI usage-only chunks now flush pending Done with usage across formats.
3,Implement realtime usage parsing and terminal records,single-full,DONE,1,tasks/realtime-usage,"perl -e 'alarm shift; exec @ARGV' 60 cargo test -p backend llm_proxy::ws -- --nocapture",Realtime response.done usage is parsed and written to success records.
4,Add endpoint metadata registry and route policy,single-full,DONE,2;3,tasks/endpoint-metadata,"perl -e 'alarm shift; exec @ARGV' 60 cargo test -p backend llm_proxy:: -- --nocapture",Endpoint metadata now owns path/body/auth/stream usage policy.
5,Run full validation and real local probe,single-full,DONE,1;2;3;4,"tasks/final-validation","perl -e 'alarm shift; exec @ARGV' 60 cargo test --workspace --lib --bins --tests",Full Rust tests frontend lint and real streaming curl verified success/settled billing.
6,Introduce endpoint/data-format metadata and pass-through endpoint routing,single-full,DONE,5,tasks/endpoint-data-format,"perl -e 'alarm shift; exec @ARGV' 60 cargo test -p backend llm_proxy::formats llm_proxy::candidate -- --nocapture",Endpoint identity and data format are separated; non-chat endpoints are pass-through only and cannot enter chat converters.
7,Expand OpenAI Claude Gemini canonical request conversion,single-full,DONE,6,tasks/canonical-request,"perl -e 'alarm shift; exec @ARGV' 60 cargo test -p proxy format_conversion -- --nocapture",Support tools tool calls tool results multimodal blocks and thinking blocks across chat formats without silent loss.
8,Add endpoint-specific usage extraction and billing visibility,single-full,DONE,7,tasks/endpoint-usage,"perl -e 'alarm shift; exec @ARGV' 60 cargo test -p backend llm_proxy::proxy::usage -- --nocapture",OpenAI/Claude/Gemini text and non-chat usage events are parsed from real upstream fields only.
9,Validate local proxy end to end,single-full,DONE,6;7;8,tasks/phase2-validation,"perl -e 'alarm shift; exec @ARGV' 60 cargo test --workspace --lib --bins --tests",Rust workspace tests plus local OpenAI streaming curl and admin record probes verified success/settled billing.
